CÓD;NOME FANTASIA;LATITUDE;LONGITUDE;TEMPO MÉDIO DE VISITA;FREQUÊNCIA;SEG (Dias do Vendedor);TER (Dias do Vendedor);QUA (Dias do Vendedor);QUI (Dias do Vendedor);SEX (Dias do Vendedor);SAB (Dias do Vendedor)
9342;LAG - MONDUBIM;-3.8165367;-38.557137;01:13:25;1;;;;;;
10948;COMETA (MONDUBIM - 39);-3.81050075;-38.57394099;01:54:11;3;;;;;;
8971161;SUPER DO POVO - PREF JOSE WALTER;-3.8314092000000244;-38.560540300000014;01:13:28;2;;;;;;
1034;COMETA (JOSE WALTER I - 05);-3.83055313;-38.56049735;03:15:05;2;;;;;;
1011;COMETA (MARACANAU - 09);-3.8819005;-38.62523;02:09:08;3;;;;;;
9635;MATEUS - MARACANAU;-3.87830719;-38.59641157;03:32:05;6;;;;;;
8900003;FRANGOLANDIA - VARJOTA;-3.7321668;-38.4886676;01:55:27;3;;;;;;
4009;PAO DE ACUCAR - CENTER UM (1209);-3.7373679;-38.4974441;00:53:24;1;;;;;;
4394;SUPER LAGOA - SANTOS DUMONT;-3.7394701;-38.4895647;00:53:45;1;;;;;;
4029;COMETA (TIBURCIO CAVALCANTE - 27);-3.7411822;-38.5041525;01:34:00;3;;;;;;
8900010;FRANGOLANDIA - ALDEOTA;-3.7358277;-38.5013099;01:11:24;2;;;;;;
9340;COMETA (BENI CARVALHO - 30);-3.745611;-38.495747;01:06:57;3;;;;;;
179;SUPER LAGOA - CIDADE 2000;-3.7510005;-38.471921;00:46:36;1;;;;;;
972;CENTERBOX - CONCEITO;-3.7424091;-38.4867581;00:41:26;3;;;;;;
8900006;FRANGOLANDIA - COCO;-3.7495167;-38.490536;01:02:41;2;;;;;;
4271;PAO DE ACUCAR - COCO (1253);-3.7430401;-38.4859163;00:57:14;1;;;;;;
5047;PINHEIRO - ANTONIO SALES;-3.7478342;-38.495109;00:42:41;1;;;;;;
4141;PAO DE ACUCAR - NAUTICO (1004);-3.7274751;-38.4937798;01:08:04;1;;;;;;
1058;COMETA (VIRGILIO TAVORA - 11);-3.7344387;-38.4922603;01:36:30;3;;;;;;
3815;PAO DE ACUCAR - MUCURIPE (1257);-3.7277865;-38.4862037;01:04:41;1;;;;;;
1004;COMETA (WALDIR DIOGO - 18);-3.8009513;-38.586656;03:03:41;3;;;;;;
172;CENTERBOX - PRQ SAO JOSE;-3.8003218;-38.5880765;00:55:39;2;;;;;;
2351;COMETA (OSORIO DE PAIVA - 15);-3.8109052;-38.6092229;01:22:46;2;;;;;;
337;COMETA (SIQUEIRA - 23);-3.789045;-38.5864455;03:25:45;3;;;;;;
8900002;FRANGOLANDIA - MARACANAU;-3.8802888;-38.6246732;00:57:57;2;;;;;;
8975472;PINHEIRO - MARANGUAPE;-3.894516;-38.682205;00:26:14;1;;;;;;
10758;MATEUS - MARANGUAPE;-3.89666198;-38.67373332;02:35:06;6;;;;;;
196;CENTERBOX - JOSE BASTOS;-3.7548351;-38.5561623;00:59:49;2;;;;;;
10946;COMETA (CENTRO - 25);-3.7216531;-38.540229;01:30:16;2;;;;;;
228;SUPER LAGOA - CENTRO;-3.7316219;-38.5268458;01:27:33;1;;;;;;
967;COMETA (J DA PENHA - 13);-3.7374817;-385204755;02:02:15;2;;;;;;
9622;COMETA (JOAO PESSOA - 40);-3.7570117;-38.5530651;01:59:53;3;;;;;;
9339;COMETA (JACARECANGA - 35);-3.72013;-38.54911;02:58:08;3;;;;;;
182;CENTERBOX - PARQUELANDIA;-3.7429477;-38.5599157;01:05:29;2;;;;;;
4803;COMETA (JOVITA FEITOSA - 28);-3.7403104;-38.5603054;02:04:14;3;;;;;;
9631;COMETA (PRESIDENTE KENNEDY - 33);-3.7302312;-38.568373;01:52:12;3;;;;;;
902;SUPER LAGOA - RODOLFO TEOFILO;-3.7468473;-38.5559982;00:39:22;1;;;;;;
203;SUPER LAGOA - NORTH SHOPPING;-3.7345867;-38.56610903;01:16:14;1;;;;;;
4221;PAO DE ACUCAR - BEZERRA DE MENEZES (2375);-3.7335995;-38.5586262;00:33:16;1;;;;;;
9487;MEGA - MESSEJANA;-3.8139469;-38.4994049;01:41:51;2;;;;;;
557;SUPER LAGOA - CAMBEBA;-3.8031077;-38.4883564;00:53:11;1;;;;;;
8971165;SUPER DO POVO - CAMBEBA;-3.8101342;-38.4938184;01:01:57;2;;;;;;
8975473;PINHEIRO - CAMBEBA;-3.811962;-38.496844;00:40:23;1;;;;;;
11879;COMETA (PATIO OLIVEIRA PAIVA - 45);-3.79612714;-38.49383649;01:05:43;2;;;;;;
1482;COMETA (JOSE LEON - 20);-3.7882169;-38.50204381;01:28:35;2;;;;;;
1025;COMETA (JULIO LIMA - 10);-3.7960364;-38.4990562;02:01:32;4;;;;;;
12427;MATEUS - MESSEJANA;-3.83370328;-38.50481815;02:39:04;6;;;;;;
4284;PAO DE ACUCAR - LUCIANO CAVALCANTE (2374);-3.772043;-38.4828363;00:51:27;1;;;;;;
1049;COMETA (OLIVEIRA PAIVA - 03);-3.7955137;-38.4901664;01:30:50;2;;;;;;
8971163;SUPER DO POVO - PASSARE;-3.7930876;-38.5335303;01:38:30;2;;;;;;
3486;CENTERBOX - MESSEJANA - LJ 02;-3.830081;-38.509759;01:19:51;2;;;;;;
3533;PAO DE ACUCAR - IGUATEMI (1339);-3.75451369;-38.48921518;01:07:54;1;;;;;;
11851;CENTERBOX - CURIO;-3.8268863;-38.46624181;01:55:36;2;;;;;;
954;COMETA (JOAQUIM FELICIO - 17);-3.8301305;-38.4875383;01:30:49;4;;;;;;
1006;COMETA (FREI CIRILO - 16);-3.8194034;-38.4963739;01:40:14;3;;;;;;
8900015;FRANGOLANDIA - MESSEJANA;-3.8322624;-38.4923427;01:26:17;2;;;;;;
276;PINHEIRO - MESSEJANA;-3.821324;-38.4962057;01:47:10;1;;;;;;
212;CENTERBOX - MESSEJANA - LJ 01;-3.8185168;-38.4971878;01:07:40;2;;;;;;
8971164;SUPER DO POVO - PARQUE DOIS IRMAOS;-3.8211125;-38.5562854;01:47:22;3;;;;;;
10977;CENTERBOX - PRQ DEL SOL;-3.80290818;-38.49478307;01:15:05;2;;;;;;
8900019;FRANGOLANDIA - MOLINA CENTER;-3.7929617;-38.4806392;01:11:28;2;;;;;;
9346;COMETA (ED BR SOARES - 34);-3.7888981;-38.4759777;02:03:55;2;;;;;;
8971167;SUPER DO POVO - GUARARAPES;-3.761929;-38.4906592;01:02:15;2;;;;;;
233;SUPER LAGOA - LUCIANO CAVALCANTE;-3.768427;-38.4936217;00:34:48;1;;;;;;
8900012;FRANGOLANDIA - GUARARAPES;-3.7703181;-38.4872714;01:14:26;2;;;;;;
11733;MATEUS - JOSE WALTER;-3.8207176;-38.55885136;03:05:05;6;;;;;;
8900017;FRANGOLANDIA - MONTESE;-3.7687918;-38.5566308;01:09:39;2;;;;;;
12232;COMETA (EXPRESS II - 47);-3.76328481;-38.54773512;00:50:29;3;;;;;;
11801;COMETA (JOSE WALTER II - 46);-3.8298586;-38.55165528;02:01:08;3;;;;;;
4327;PINHEIRO - ROGACIANO LEITE;-3.7724462;-38.4988506;00:41:31;1;;;;;;
12895;SUPER DO POVO - MONTESE;-3.7665574;-38.54994629999999;01:25:56;2;;;;;;
8900011;FRANGOLANDIA - MARAPONGA;-3.797637;-38.57033;01:27:27;2;;;;;;
197;PINHEIRO - PANAMERICANO;-3.7550758;-38.5691635;01:23:24;1;;;;;;
3166;CENTERBOX - EXPEDICIONARIO;-3.8071766;-38.555096;01:20:20;2;;;;;;
8900001;FRANGOLANDIA - ITAPERI;-3.791909099999998;-38.549750700000004;01:41:24;2;;;;;;
9345;COMETA (MARAPONGA - 32);-3.79182527;-38.5671401;02:23:51;4;;;;;;
192;PINHEIRO - MARAPONGA;-3.7855748;-38.5667357;01:01:38;1;;;;;;
225;PINHEIRO - MONDUBIM;-3.8098495;-38.5743582;01:45:05;1;;;;;;
219;SUPER LAGOA - PARANGABA;-3.77391301;-38.56794475;00:47:05;1;;;;;;
1043;COMETA (SERRINHA - 02);-3.787502;-38547114;01:25:29;3;;;;;;
9602;COMETA (PASSARE - 37);-3.79093331;-38.53740405;01:25:18;4;;;;;;
874;COMETA (JOAO CARLOS - 19);-3.782635;-38.5538401;02:02:16;4;;;;;;
958;COMETA (PINTO MADEIRA - 06);-3.7338116;-38.5136501;02:00:51;4;;;;;;
8900000;FRANGOLANDIA - ALVARO WEYNE;-3.7146908999999653;-38.56453049999993;01:13:21;2;;;;;;
838;COMETA (ANTONIO SALES - 22);-3.7440036;-38.5080673;01:55:19;2;;;;;;
9341;COMETA (FATIMA - 29);-3.7532492;-38.5276962;01:55:37;2;;;;;;
3508;PAO DE ACUCAR - AGUANAMBI (1398);-3.748629;-38.5229264;01:31:32;1;;;;;;
3784;EXTRA - RODOVIARIA (1404);-3.7555418;-38.5303956;01:41:38;1;;;;;;
2309;COMETA (TREZE DE MAIO - 14);-3.7495749;-38.5285489;01:59:46;3;;;;;;
11775;COMETA (BARAO DO RIO BRANCO - 43);-3.73996838;-38.53237147;01:57:40;3;;;;;;
8900004;FRANGOLANDIA - MONTE CASTELO;-3.725058699999991;-38.55094759999997;01:25:36;2;;;;;;
8900016;FRANGOLANDIA - PARQUE ARAXA;-3.7374220000000093;-38.55173130000003;01:46:25;2;;;;;;
548;COMETA (MATOS DOURADO - 21);-3.7498338;-38.5846885;01:53:57;3;;;;;;
11595;CENTERBOX - GRANJA PORTUGAL;-3.77778933;-38.59964399;01:27:42;1;;;;;;
976;COMETA (HENRIQUE JORGE - 04);-3.7598094;-38.5861946;01:38:54;3;;;;;;
663;CENTERBOX - JOAO XXIII;-3.77289;-38.5882422;01:12:57;2;;;;;;
11809;COMETA (JOAO XXIII - 42);-3.77305558;-38.57358276;02:16:37;2;;;;;;
862;CENTERBOX - PRQ GENIBAU;-3.7566112;-38.6024185;01:13:16;2;;;;;;
8971162;SUPER DO POVO - CONJUNTO CEARA;-3.7694439;-38...6045471;03:05:42;2;;;;;;
10756;MATEUS - HENRIQUE JORGE;-3.75714249;-38.59061584;03:25:15;6;;;;;;
8971160;SUPER DO POVO - HENRIQUE JORGE;-3.7580958;-38.5843396;01:27:45;2;;;;;;
4293;CENTERBOX - CAUCAIA;-3.7347353;-38.6595839;01:22:32;2;;;;;;
8971166;SUPER DO POVO - JUREMA;-3.7738473;-38.6282389;01:10:52;2;;;;;;
11622;MATEUS - CAUCAIA;-3.76132708;-38.61643438;02:23:02;6;;;;;;
465;CENTERBOX - CEL CARVALHO;-3.7135362;-38.5885703;00:55:24;2;;;;;;
989;COMETA (CASTELO BRANCO - 12);-3.7049139;-38.5780082;01:47:35;3;;;;;;
4458;CENTERBOX - BARRA;-3.7100856;-38.5897058;01:03:01;2;;;;;;
4202;CENTERBOX - JD IRACEMA;-3.71767679;-38.57899347;01:17:35;1;;;;;;
9586;CENTERBOX - ATACAREJO;-3.7807157;-38.6223482;01:29:21;2;;;;;;
186;SUPER LAGOA - MOZART LUCENA;-3.7184334;-38.5959135;00:37:33;1;;;;;;
950;COMETA (VILA VELHA - 08);-3.7233183;-38.5963513;02:14:47;3;;;;;;
11825;LAG - BARRA DO CEARA;-3.70198005;-38.58381362;00:48:43;1;;;;;;
8900018;FRANGOLANDIA - COSTA BARROS;-3.730295;-38.512375;01:45:56;2;;;;;;
4197;PAO DE ACUCAR - SANTOS DUMONT (1220);-3.7306636;-38.5131575;01:20:47;1;;;;;;
4393;COMETA (PE ANTONIO TOMAS - 26);-3.7411919;-38.4958533;01:43:40;3;;;;;;
3944;PAO DE ACUCAR - JULIO VENTURA (1252);-3.7399659;-38.5075747;01:25:35;1;;;;;;
224;CENTERBOX - SANTOS DUMONT;-3.7440842;-38.4749343;01:35:32;2;;;;;;
942;COMETA (ILDEFONSO ALBANO- 01);-3.7407932;-38.516113;02:28:54;4;;;;;;
8900009;FRANGOLANDIA - RUI BARBOSA;-3.746295;-38.5125923;01:39:03;2;;;;;;
6971169;SUPER DO POVO - MINI MARKET;-3.7426267;-38.5125024;01:22:15;1;;;;;;
4522;COMETA (ENGENHEIRO SANTANA JR - 24);-3.7354447;-38.4816158;01:41:12;3;;;;;;
8900007;FRANGOLANDIA - SANTOS DUMONT;-3.7429041;-38.4794315;01:36:54;2;;;;;;
3616;PINHEIRO - PRAIA DE IRACEMA;-3.7237615;-38.513129;01:32:42;1;;;;;;
10722;PINHEIRO - PORTO DAS DUNAS;-3.8498382830873665;-38.396320939064026;00:51:24;1;;;;;;
9347;COMETA (EUSEBIO - 36);-3.8795207;-38.4613795;02:25:44;5;;;;;;
11898;CENTERBOX - VALPARAISO;-3.8489518;-38.51200331;01:38:57;2;;;;;;
11899;CENTERBOX - LAGOA REDONDA;-3.82635425;-38.47426069;01:24:52;1;;;;;;
10947;COMETA (WASHINGTON SOARES - 38);-3.8194224;-38.4817816;01:44:02;3;;;;;;
268;PINHEIRO - WASHINGTON SOARES;-3.8370287;-38.4822819;01:05:27;1;;;;;;
218;LAG - MESSEJANA;-3.832713;-38.4916446;00:58:09;1;;;;;;
11946;CENTERBOX - PARQUE SANTA MARIA;-3.8573702;-38.5025713;01:54:56;2;;;;;;
11895;CENTERBOX - PEDRAS;-3.89368547;-38.51477265;01:46:45;2;;;;;;
8900008;FRANGOLANDIA - EUSEBIO;-3.8704983;-38.4675121;01:29:37;3;;;;;;
11896;CENTERBOX - PARQUE DOM PEDRO;-3.90694584;-38.50743777;01:49:45;1;;;;;;
222253;FRANGOLANDIA - CAUCAIA;-3.8704983;-38.4675121;01:26:03;2;;;;;;
